番剧名,图片链接,播放量,弹幕量,投稿时间
【4月】雷顿神秘侦探社 ~ 卡特莉的解谜事件簿 ~ 43【三日月万事屋 X 糖点字幕组 / 中日双语】,http://i2.hdslb.com/bfs/archive/cd4a86c0c6e317ec6bc94c8ee057f446e598f4ee.png,1702,109,2019-02-21 11:52:47
【1月】虚拟小姐在看着你 07【生肉】,http://i1.hdslb.com/bfs/archive/8fc90e58f8aaa6afc695328d59139468be2a7bc6.png,890,26,2019-02-21 11:48:19
【5月/生肉】游戏王VRAINS 90,http://i2.hdslb.com/bfs/archive/8351a1b5e3f958e097280e49eb6b1cb06f4e15dd.jpg,2049,65,2019-02-21 11:48:07
【1月】同居人是猫 07【独家正版】,http://i2.hdslb.com/bfs/archive/a9504ba7e6e23f51a9384fe3178e213e7cf84ec7.jpg,146954,5140,2019-02-21 00:00:00
【1月】明治东京恋伽 07【独家正版】,http://i1.hdslb.com/bfs/archive/9de29b6c87e268126552b7a235ecea8d32cb9437.jpg,35660,1632,2019-02-20 23:00:00
【1月】盾之勇者成名录 07【独家正版】,http://i1.hdslb.com/bfs/archive/4546ab985eb2cd8774528ba488e4ac96c68cbb05.jpg,912602,40733,2019-02-20 22:00:00
【1月】烟草 07【独家正版】,http://i2.hdslb.com/bfs/archive/19352cf44bbf894a2befe56d02b4e8df42eaaf6e.jpg,41454,1928,2019-02-20 19:56:06
【生肉】星之島喵喵 第11集,http://i2.hdslb.com/bfs/archive/4b74025b744bb32b36b37f731d2d06eb88ed1901.jpg,247,0,2019-02-20 19:08:22
【生肉】星之島喵喵 第12集,http://i2.hdslb.com/bfs/archive/8f8eec019e9b329f1413cc4d5b26235db1a80d66.jpg,110,0,2019-02-20 19:08:18
【1月】临死！！江古田 07【幻樱】,http://i0.hdslb.com/bfs/archive/2110c0ceb779f15c75dacf14534ff371e3ed6586.png,1537,1,2019-02-20 19:07:10
【1月】临死！！江古田 07【生肉】,http://i2.hdslb.com/bfs/archive/85212545c893a3d2b9e1de2459e16904059d4a2e.png,123,0,2019-02-20 19:07:10
【TVB粤语繁中】新干线战士  26集,http://i0.hdslb.com/bfs/archive/4421e199c58ccc317bb19ba7899b623c48599114.jpg,580,0,2019-02-20 10:29:56
【长篇】精灵宝可梦 日月 109【枫叶】,http://i1.hdslb.com/bfs/archive/cac276afffbdd504503604055043b4cc4deab234.jpg,89459,4273,2019-02-20 10:27:47
【10月】强风吹拂 18,http://i0.hdslb.com/bfs/archive/a61865eab808ec93ee75759a608cbca365352649.jpg,103428,2790,2019-02-20 00:28:49
【1月】雨色可可side G 07【独家正版】,http://i0.hdslb.com/bfs/archive/5c5af4299aed1e5e5717092a011fea28c0e3ed4d.jpg,22964,155,2019-02-19 19:27:27
【12月番】爆丸戰斗之星(bakugan-battle-planet)-第十一話[生肉],http://i2.hdslb.com/bfs/archive/ca9b7dfea3370403ebb888b559e3d2979e9efe6a.jpg,514,0,2019-02-19 12:31:56
【1月】环战公主 CIRCLET PRINCESS 07【独家正版】,http://i1.hdslb.com/bfs/archive/b1ebd9a28b72328ce1757717dddf06b384d0c08c.jpg,30185,795,2019-02-19 19:29:45
【1月】天使降临到我身边 07【独家正版】,http://i2.hdslb.com/bfs/archive/1ae48054d15e378dc584c41c562b832cc2f34b4f.jpg,331933,21884,2019-02-19 19:28:31
【4月】少年阿贝 GO!GO!小芝麻 第三季 95,http://i0.hdslb.com/bfs/archive/eb7a01664d9406b87431b264deb2b42a84642f06.jpg,3964,3,2019-02-19 16:19:47
【12月番】爆丸戰斗之星(bakugan-battle-planet)-第十三話[生肉],http://i2.hdslb.com/bfs/archive/5daa6634961b77523f859253e05f99307fc1cfb2.jpg,443,0,2019-02-19 19:28:19
【1月/生肉】『PSO2』「动画乱炖」第7话,http://i0.hdslb.com/bfs/archive/f7efc3662ee52c4c98075b90c5fae78a98974ab0.jpg,2402,0,2019-02-19 19:18:51
【4月/日语生肉】电视衰人Nanana 18,http://i0.hdslb.com/bfs/archive/4281af5399e63e599245081491a47fdbdcd78dc1.jpg,161,0,2019-02-19 19:15:13
【10月】黑色四叶草 71,http://i0.hdslb.com/bfs/archive/80d7134d90a8a6a9a7748c799bd14ebe4e31f595.jpg,125564,1971,2019-02-19 16:18:34
【12月番】爆丸戰斗之星(bakugan-battle-planet)-第十二話[生肉],http://i2.hdslb.com/bfs/archive/05ce985d388531f099bd2c9f808a70382db66d00.jpg,478,0,2019-02-19 12:31:56
【1月】gen:LOCK 05【傲娇零】,http://i1.hdslb.com/bfs/archive/a7fa5e6390807154e104fbc3b90c26a29209ff5b.jpg,10977,358,2019-02-19 12:24:15
【1月/生肉】草裙舞女孩(Hulaing Babies) 06,http://i1.hdslb.com/bfs/archive/752e004d3b1a36fd46fc7286b2bc65acccec3953.jpg,187,0,2019-02-19 12:17:41
【1月】草裙舞女孩(Hulaing Babies) 06【F宅】,http://i2.hdslb.com/bfs/archive/c3f2846bd53434231d8be76dae7ae28d9981ba88.jpg,2196,8,2019-02-19 12:17:34
【TVB粤语】哆啦A梦新番(2019.02.18)逃离地球计划&禁语萤光笔【HDTVRip/1080p】,http://i0.hdslb.com/bfs/archive/63b490c8c9b1571e067e7845958c532eea6dd9f6.jpg,2427,21,2019-02-19 12:16:15
【1月】四月是你的谎言 07【粤语中字】,http://i0.hdslb.com/bfs/archive/43def8f44e2d78de23f1279ade1b10467294be83.jpg,1352,0,2019-02-19 12:14:41
【1月】兽娘动物园 2 06,http://i2.hdslb.com/bfs/archive/f6b9736c73038466c0b31f0ea282748f13688a7e.jpg,17038,891,2019-02-19 02:05:00
【10月】关于我转生变成史莱姆这档事 20,http://i0.hdslb.com/bfs/archive/7297f8d3c4faddf8182e4d91f0d3ca20bddc6c0d.jpg,1968709,85653,2019-02-19 00:30:00
【1月】灵能百分百 II / 路人超能100 II 07【独家正版】,http://i0.hdslb.com/bfs/archive/af5fcaa7730fa8b9b252e3699680e1f0625544b3.jpg,825048,19863,2019-02-18 23:30:00
【1月】多罗罗 07【独家正版】,http://i0.hdslb.com/bfs/archive/7dec9d820b82ee57ebde0ba5c186b63e1e728abd.jpg,929863,33984,2019-02-18 19:08:32
【4月】	智龙迷城 46,http://i2.hdslb.com/bfs/archive/5ba73c2da4273da9976605d05222748b4356eb71.jpg,2060,2,2019-02-18 18:25:00
【1月】進化理論(Shinkalion) 58【RAW】720P,http://i0.hdslb.com/bfs/archive/87d35226ce1e79194a4374c8ab714d85dc157afe.jpg,1888,14,2019-02-18 16:04:41
【1月】進化理論(Shinkalion) 57【RAW】720P,http://i2.hdslb.com/bfs/archive/dd24bc6ea0ac2dc15a9afb33fbd475aa1900d5af.jpg,2156,1,2019-02-18 16:04:35
【6月/生肉】未来卡 神搭档对战 第37话,http://i2.hdslb.com/bfs/archive/8a45195300c4f2b926af1cb5c76ec2114765b384.jpg,1190,6,2019-02-18 14:21:32
【WEB】偶像星愿 外传／IDOLiSH7 Vibrato【06】PARTY TIME TOGETHER後篇 【個人字幕】,http://i0.hdslb.com/bfs/archive/3ca2aae0fe0e0807884fee6fe06f32f673e6de57.jpg,11353,434,2019-02-18 11:06:43
【生肉】精靈寶可夢太陽與月亮SM-第109集-島嶼女王誕生!小智的大考驗!![720P],http://i0.hdslb.com/bfs/archive/c260b5a6cac241a7f4159785fd679125a75e0810.jpg,7255,169,2019-02-18 11:06:03
【4月】雷顿神秘侦探社 ~ 卡特莉的解谜事件簿 ~ 42【三日月万事屋 X 糖点字幕组 / 中日双语】,http://i0.hdslb.com/bfs/archive/6c08e36e8156cb95ce670b46a83f4bcf84b461fd.png,3765,231,2019-02-18 11:02:25
【1月】琴之森 第二季 04（#16）【独家正版】,http://i2.hdslb.com/bfs/archive/5367ca34c696b5885995190503dc557327dde1ff.jpg,37283,679,2019-02-18 02:00:00
【1月】Mysteria Friends（巴哈姆特之怒）/ 玛娜莉亚魔法学院 05,http://i2.hdslb.com/bfs/archive/2b828401553cf02e4e963ffb0f740683b531b96f.jpg,98662,2986,2019-02-16 18:22:38
【12月番】爆丸戰斗之星(bakugan-battle-planet)-第十話[生肉],http://i2.hdslb.com/bfs/archive/6f1e45c18ed2c70a2f6c309ff66c71d6cf5a6427.jpg,1205,0,2019-02-03 19:56:37
【1月】笨拙之极的上野 07【独家正版】,http://i2.hdslb.com/bfs/archive/ce5e1752a705a3a6d0524e7088cce7794212d8f2.jpg,356200,5569,2019-02-17 19:08:56
【十二月/熟肉/720p】奇迹瓢虫与超级猫S03E05,http://i0.hdslb.com/bfs/archive/257d1c56095079b9394c67d3921b07e11c05a87c.png,15976,149,2019-02-17 19:18:38
【一月】gen:LOCK - S01E05 - Best Defense【生肉】,http://i0.hdslb.com/bfs/archive/b6fd74fc28929e8c7aa8c5cc23a60416ab7cb09c.jpg,2661,20,2019-02-17 19:18:23
【连载】哆啦A梦新番551【钉铛】,http://i0.hdslb.com/bfs/archive/2316c07611b6c81dc262e27577a7e92c7a4a46ca.jpg,26623,797,2019-02-17 19:15:04
【4月】博人传 火影忍者新时代 94,http://i2.hdslb.com/bfs/archive/5693f187d3b7a784649dfe3451ad48315f406317.jpg,182487,4993,2019-02-17 17:30:00
【4月】雷顿神秘侦探社 ~ 卡特莉的解谜事件簿 ~ 41【三日月万事屋 X 糖点字幕组 / 中日双语】,http://i1.hdslb.com/bfs/archive/e855f9d68040135ad05ce5155cef3be85584ba52.png,6413,321,2019-02-17 16:43:23
【英配】明治东京恋咖 04【生肉】,http://i1.hdslb.com/bfs/archive/9dae52b0717322e1ec44db9740d03a834658d2fd.jpg,535,0,2019-02-17 16:43:15
【英配】明治东京恋咖 03【生肉】,http://i1.hdslb.com/bfs/archive/da8a316c9a5f042564ff1e3c57c377c19abee123.jpg,400,0,2019-02-17 16:43:12
【1月】不愉快的怪物庵 续 07【英配生肉】,http://i2.hdslb.com/bfs/archive/5c91319fef49fe51d923d01d620b39e0fe2f1d5a.png,1651,1,2019-02-17 12:35:53
【1月】迷你刀使 06【自制中字/1080P】,http://i0.hdslb.com/bfs/archive/d1437032107c602921f8da94ae2d3c64a0f04b2a.jpg,3404,46,2019-02-17 12:35:03
【1月】迷你刀使 06【生肉】,http://i0.hdslb.com/bfs/archive/529cb44022822b3900df9fce8c263535a16e8ffa.png,1041,0,2019-02-17 12:34:53
【ViuTV粤语】三年E班 第二季 18,http://i2.hdslb.com/bfs/archive/4f70c6641fc801b6b0efb094e3bebe2556bf88a7.jpg,1613,7,2019-02-17 12:34:40
【7月】索斯机械兽 ZOIDS WILD 31 争夺！大遗迹的秘宝,http://i1.hdslb.com/bfs/archive/af2b6392995f6e9f9eb25ddd79858292045765a1.jpg,1817,0,2019-02-17 12:30:32
【7月】索斯机械兽 ZOIDS WILD 30 心中的痛楚 过去与毒针,http://i1.hdslb.com/bfs/archive/f5f603e3b97482f035d774de824f90b3cbd44db4.jpg,1008,0,2019-02-17 12:30:29
【7月】索斯机械兽 ZOIDS WILD 29 惊愕！第二形态,http://i0.hdslb.com/bfs/archive/75c3070918a06e0cf5bd25c00e5ab270b243b587.jpg,1265,0,2019-02-17 12:30:23
【7月】索斯机械兽 ZOIDS WILD 28 孤高的少年 在大地疾驰！,http://i0.hdslb.com/bfs/archive/facca9a210906e886d79622b03643fc883c0f790.jpg,857,0,2019-02-17 12:30:18
【WEB】最终幻想15：亚丹章-序章,http://i1.hdslb.com/bfs/archive/7dd564369ffa6d3d40ef8619f7501406669a93c6.jpg,11626,196,2019-02-15 20:11:30
【10月】	美妙☆频道 45,http://i1.hdslb.com/bfs/archive/3146f5bc1eb5f4712f37ff00ae8a067c319447fc.jpg,3691,40,2019-02-16 17:07:02
【10月】	爱玩怪兽 19,http://i1.hdslb.com/bfs/archive/e3cf248f6915d301f2d1dbeca92c20dbb1524dec.jpg,5561,68,2019-02-16 17:11:20
【1月】W'Z 07【独家正版】,http://i1.hdslb.com/bfs/archive/38dad0fc8bdce68334a2612715141ce4b9a95a80.jpg,52558,1163,2019-02-17 01:30:00
【10月】刀剑神域 Alicization 18.5,http://i2.hdslb.com/bfs/archive/10a48029fd8457853442bcbc9725c1f72ba7e4a6.jpg,1048121,18944,2019-02-17 00:30:00
【1月】辉夜大小姐想让我告白~天才们的恋爱头脑战~ 06【独家正版】,http://i0.hdslb.com/bfs/archive/dd868407aa16cd95024508ea658f7618f9e020f0.jpg,2033818,80353,2019-02-17 00:00:00
【剧场版】剧场版 王室教师海涅,http://i1.hdslb.com/bfs/archive/5618d56d84bc1f5ec31e149591583c18d96a2b99.jpg,82031,2216,2019-02-16 21:13:08
【1月】不愉快的怪物庵 续 07,http://i2.hdslb.com/bfs/archive/e3d52c5c57bbd400d5d520bb01f05242c7f548e0.jpg,137136,1714,2019-02-16 22:00:00
【1月】魔法少女特殊战明日香 04【英配生肉】,http://i1.hdslb.com/bfs/archive/711917f8f42b004097e78cf854a95802eb80a99d.png,2436,1,2019-02-16 20:53:50
【TVB粤语繁中】新干线战士  25集,http://i2.hdslb.com/bfs/archive/f833e11be4e4a10a1245005dfd05e23ca346b965.jpg,681,0,2019-02-16 20:51:03
【1月】魔法少女特殊战明日香 06【生肉】,http://i1.hdslb.com/bfs/archive/8295df0bdbbd9a0756098040e46a7f1ea6a61b00.png,2981,2,2019-02-16 20:50:55
【9月】闪亮幸福 开启吧！cocotama 22【字幕】,http://i1.hdslb.com/bfs/archive/53f37c8dce02c80c68e25c8182b4ec0f00f68d1e.jpg,573,22,2019-02-16 20:50:35
【2月】交锋联盟 机巧一族 01【外挂官中】,http://i2.hdslb.com/bfs/archive/55aabab54d3509707e03e6e8f68b2962ab1cb49e.jpg,1243,1,2019-02-16 12:13:16
【10月】逆转裁判 第二季 17,http://i0.hdslb.com/bfs/archive/fa10404f28128f754047e2aad0c372537a5f7713.jpg,43478,2036,2019-02-16 18:00:00
【10月】欢迎光临 千岁酱 18.5 特番【自制字幕】,http://i2.hdslb.com/bfs/archive/22ec04f545500e77de76c582be35e5418840dd60.jpg,1434,5,2019-02-16 12:28:30
【1月】魔法少女特殊战明日香 06话【中字】,http://i2.hdslb.com/bfs/archive/5e6dfb2000af8987f55a9b196d95e37366ec8751.jpg,14019,591,2019-02-16 12:28:19
【10月】欢迎光临，千岁酱 特番 おともだち診断【生肉】,http://i0.hdslb.com/bfs/archive/4ee478197e7c926ae86bcfd3234888170cbbf3a0.png,648,0,2019-02-16 12:27:47
【生肉】 哆啦A梦新番 551 (2019.02.15),http://i2.hdslb.com/bfs/archive/fa903f48b49417b376cb86a8c9819680f8bdc627.jpg,2257,55,2019-02-16 12:13:34
【十二月/熟肉/720p】奇迹瓢虫与超级猫S03E04,http://i0.hdslb.com/bfs/archive/3b4db78332d5b77d69365d5e2768991ab1ed9132.png,14518,757,2019-02-16 12:13:23
【4月】暖暖日记 第三季 46【独家正版】,http://i1.hdslb.com/bfs/archive/34a71a85d1366a973d9f67b1c33b0ddec31c9dc4.jpg,6987,50,2019-02-15 17:59:19
【10月】JOJO的奇妙冒险 黄金之风 19【独家正版】,http://i2.hdslb.com/bfs/archive/0191d9c95663b555b6c75910bb0a246976dc93cb.jpg,971905,23982,2019-02-15 19:29:39
【1月】B-PROJECT～绝顶＊Emotion～ 06【独家正版】,http://i2.hdslb.com/bfs/archive/32f18792a453ebc8d77804111d0d4e2c956d915a.jpg,12744,247,2019-02-16 00:30:00
【10月】火之丸相扑 18,http://i2.hdslb.com/bfs/archive/8cce039ac6f65a6cdc27c1811e89c5f2f26893d4.jpg,80427,1055,2019-02-15 23:16:27
【1月】笑容的代价 07【独家正版】,http://i2.hdslb.com/bfs/archive/b6f63de78e2f80aecc80ca83455a51c9993911e7.jpg,52401,1206,2019-02-15 19:29:09
【10月】魔法禁书目录 第三季 19,http://i1.hdslb.com/bfs/archive/c039381a283aa6ab9e4adf5def7b5ec56a024716.jpg,619419,13243,2019-02-15 22:30:00
【1月】约会大作战 第三季 06,http://i2.hdslb.com/bfs/archive/1abdc1813ea4b482eafb70e6080515e4bffa20c6.jpg,836005,44169,2019-02-15 22:00:00
【1月】不吉波普不笑 08【独家正版】,http://i0.hdslb.com/bfs/archive/0782f79aca471208cb2544514d535c565a926266.jpg,197995,2410,2019-02-15 21:00:00
【2月】交锋联盟 机巧一族 01【官方中字】,http://i1.hdslb.com/bfs/archive/72dbc166f32c010330baef36ab210e89af4ee985.png,3820,14,2019-02-15 20:15:30
【10月】宝贝老板.重围商界 S02E03【翻托邦字幕组】,http://i2.hdslb.com/bfs/archive/1190108bdff27b4fc88e331cb947b9c9979328ff.jpg,645,2,2019-02-15 20:14:58
【5月】游戏王VRAINS 089【VRAINSTORM】,http://i2.hdslb.com/bfs/archive/3d4c96656c21fe92ff1c6f5f8467f2f2d0267265.png,50161,1577,2019-02-15 20:12:32
【1月】格林笔记 The Animation 06【独家正版】,http://i2.hdslb.com/bfs/archive/8f1678d6433f3cb93e65ca5718f7af24ae712544.jpg,91341,2737,2019-02-15 15:03:18
【1080P】宝贝老板：重围商界 第二季03【中文字幕】,http://i2.hdslb.com/bfs/archive/419813d7cc0d57ae7170e6f8ce263391899a0b4c.png,2063,2,2019-02-15 12:07:38
【1月】Dimension High School 06【生肉】,http://i2.hdslb.com/bfs/archive/4f437ba82dc35deeca3bcc6cb2e5794f140f5358.png,2966,1,2019-02-15 12:05:21
【1月】同居人是猫 03【英配生肉】,http://i2.hdslb.com/bfs/archive/297e7eb54a696e4a1193ef41f2f7bb0ca2934bd6.png,2125,1,2019-02-15 12:04:54
【1月】五等分的新娘 06【独家正版】,http://i2.hdslb.com/bfs/archive/0938372f467566759eb119dbd1fda195aa99e73f.jpg,1600037,80961,2019-02-14 18:45:42
【1月】约定的梦幻岛 06【独家正版】,http://i2.hdslb.com/bfs/archive/5ee58db7d2b828b4cf147d9fb69ef6e7f1ed4cb2.jpg,801826,33658,2019-02-15 00:40:47
【1月】BanG Dream! 第二季 07【独家正版】,http://i0.hdslb.com/bfs/archive/86046e51ff1712de42372886f5408cb5a72a2ef6.jpg,33287,1057,2019-02-14 23:30:00
【10月】魔偶马戏团 17【独家正版】,http://i1.hdslb.com/bfs/archive/13a2a192006769dc2a7d76e6e8740a87a1e74595.jpg,61427,984,2019-02-14 22:30:00
【1月】荒野的寿飞行队 05【千夏字幕组】,http://i0.hdslb.com/bfs/archive/da59e63c469d92e2d6f163b37d2670e5a4eac65f.png,15610,614,2019-02-14 19:01:56
【长篇】精灵宝可梦 日月 108【枫叶】,http://i0.hdslb.com/bfs/archive/05f596d8c89aceb2381ac8d8bbd4a2c2ef6bed12.jpg,227841,7222,2019-02-14 15:20:54
【1月】gen:LOCK 04【傲娇零】,http://i0.hdslb.com/bfs/archive/7d3da72deaf151fcc4ab04593ccf6b007b9dc933.jpg,17148,519,2019-02-14 12:08:54
【12月番】爆丸戰斗之星(Bakugan-battle-planet)-第三話【零總個人漢化】,http://i0.hdslb.com/bfs/archive/73c1264935ef7c61d43ecc49c5414894239a3943.jpg,1273,5,2019-02-14 11:47:14
【1月】虚拟小姐在看着你 06【生肉】,http://i1.hdslb.com/bfs/archive/a6d676267a1a67e6aca2c91d4de3f83ebbb80479.png,10555,183,2019-02-14 11:46:54
【5月/生肉】游戏王VRAINS 89,http://i1.hdslb.com/bfs/archive/33cd9740e81df84316805054774acab84b2ebdd7.jpg,8610,166,2019-02-14 11:46:16
【1月】临死！！江古田 06【幻樱】,http://i2.hdslb.com/bfs/archive/ea56183fe8a99c45cb089c3074069c864544d2ea.png,2690,17,2019-02-14 11:45:59
【1月】同居人是猫 06【独家正版】,http://i2.hdslb.com/bfs/archive/ba513d1cc1fa70d9dfdf63dae8daf5c37431d161.jpg,477519,9563,2019-02-14 00:00:00
【1月】明治东京恋伽 06【独家正版】,http://i2.hdslb.com/bfs/archive/1d65ad018c84db75b08cdf22dd4d32eb34531a9a.jpg,131098,2372,2019-02-13 23:00:00
【1月】盾之勇者成名录 06【独家正版】,http://i1.hdslb.com/bfs/archive/c73312db98acc2166358da3680e8a503480e9a63.jpg,2414411,79294,2019-02-13 22:00:00
【1月】烟草 06【独家正版】,http://i1.hdslb.com/bfs/archive/31bac6108f0fb96fcf0f887111b18bb495c7bc26.jpg,93054,1750,2019-02-13 21:30:00
【1月/生肉】草裙舞女孩(Hulaing Babies) 05,http://i1.hdslb.com/bfs/archive/2f549a62b4afc3fae0fb1fe4a1e6d42e304f0b1f.jpg,356,1,2019-02-13 19:38:12
【12月】宠物小精灵:无印篇 26【全新粤语配音】,http://i0.hdslb.com/bfs/archive/f95726b6dffa858ce61f75ea1ed2f213a8badba8.jpg,1557,7,2019-02-13 19:38:03
【1月】草裙舞女孩(Hulaing Babies) 05【F宅】,http://i1.hdslb.com/bfs/archive/2ff0a1fc76b89657a462bda3b5f514a2685ffeec.jpg,3099,6,2019-02-13 19:37:54
【6月/生肉】未来卡 神搭档对战 第36话,http://i2.hdslb.com/bfs/archive/9059c7b6f347cf90be7d689ba255fc4dca259679.jpg,1870,2,2019-02-13 19:37:44
【1月|web动画】「PSO2 动画乱炖」 第6话 画面截图的秘密 【个人制作双语字幕|先行试看伪1080p】,http://i2.hdslb.com/bfs/archive/95e1bb1b36a9a97c38dfe10475e0260663e16927.jpg,1225,4,2019-02-13 12:07:36
【1月】临死！！江古田 06【生肉】,http://i2.hdslb.com/bfs/archive/d50b3d19960dcaf51075f8a6a8a290ecd5c7286b.png,2099,7,2019-02-13 12:07:21
【10月】强风吹拂 17,http://i0.hdslb.com/bfs/archive/3ec2ea8478b1e5b3c56290e9eeb52cae466ed25a.jpg,210140,6245,2019-02-12 21:18:55
【1月】雨色可可side G 06【独家正版】,http://i1.hdslb.com/bfs/archive/67c183298731d702c7cfe18c7178908146fc8b15.jpg,45028,167,2019-02-12 22:20:15
【1月】天使降临到我身边 06【独家正版】,http://i1.hdslb.com/bfs/archive/ad6478b6d0643047a8f8fdc872be7368a0b1c1ae.jpg,655263,30749,2019-02-12 21:17:00
【1月】环战公主 CIRCLET PRINCESS 06【独家正版】,http://i0.hdslb.com/bfs/archive/0d9cad0804c607e79f9e1b9ac4bc0af028e32c43.jpg,56406,1295,2019-02-12 21:17:44
【10月】坠入爱河的瞬间-零(第19话)【瞎猜字幕组】,http://i0.hdslb.com/bfs/archive/8528192f8cdecbad53aba1fbb30e0282a1a1c772.jpg,3400,0,2019-02-12 18:57:57
【10月】黑色四叶草 70,http://i0.hdslb.com/bfs/archive/2aebc1a09bba3b25fd7d27cb4b0c661c26ca4618.jpg,202237,2309,2019-02-12 18:25:00
【1月/生肉】『PSO2』「动画乱炖」第6话,http://i1.hdslb.com/bfs/archive/70c24e1585681acffa9bdeb34ffbea3c4fdc2946.jpg,3093,3,2019-02-12 16:00:17
【连载】哆啦A梦新番550【钉铛】,http://i1.hdslb.com/bfs/archive/a8389289ed06fd88cc31d45dc5ebbcd339ad4d8e.jpg,37901,1094,2019-02-12 10:47:35
【12月】我的英雄学院 第二季 09【粤语中字】,http://i0.hdslb.com/bfs/archive/fd8b77c3b9057b09dc2dbd0b7b664d5e211ee2ee.png,6092,14,2019-02-12 00:13:49
【1月】濒危动物 第8话「小熊猫的地盘~」【WebRip】,http://i0.hdslb.com/bfs/archive/6113c9cdd13f7df18c67a2bf5ad1c75501adb0a5.jpg,860,0,2019-02-12 10:47:36
【1月】濒危动物 第7话「自尊心强的老虎」【WebRip】,http://i2.hdslb.com/bfs/archive/da6aa8015c057dc6e1ce52fadd3c3bd3c163da9d.jpg,669,0,2019-02-12 10:47:36
【旧番BDBOX】CITY HUNTER/城市猎人 第001話「粋なスイーパー XYZは危険なカクテル」【720P/BDRip】,http://i1.hdslb.com/bfs/archive/70a5caca82930f8af43f3020a5b6b441add5dc1d.png,1275,10,2019-02-11 06:23:28
【1月】濒危动物 第1话「北极熊的启程」【WebRip】,http://i0.hdslb.com/bfs/archive/836fc2bc756bb607cef2082d5993157ecd88732a.jpg,1022,2,2019-02-12 09:55:18
【1月】兽娘动物园 2 05,http://i0.hdslb.com/bfs/archive/9ff3d3121c17ad8dc6aa9ecdd3bf04b63f614e33.jpg,27667,963,2019-02-12 02:05:00
【10月】关于我转生变成史莱姆这档事 19,http://i0.hdslb.com/bfs/archive/40084ba9fdfa2f166d870edd532e2bd11b55d84f.jpg,3897826,103891,2019-02-12 00:30:00
【1月】濒危动物 第6话「让我们鼓励长颈鹿吧~」【WebRip】,http://i0.hdslb.com/bfs/archive/5c31397ea4bc51326bc16e67b07ca03709bbdc7a.jpg,678,1,2019-02-11 23:55:53
【1月】灵能百分百 II / 路人超能100 II 06【独家正版】,http://i0.hdslb.com/bfs/archive/7d8e0c1b8bbb96ab0de0b8b7ce44b06ca69aa5c9.jpg,1608112,29293,2019-02-11 21:00:10
【1月】濒危动物 第5话「黑犀牛的视力不好」【WebRip】,http://i1.hdslb.com/bfs/archive/34fd13f01bf9d3aca76eb45e80a34b74d6fa0720.jpg,536,0,2019-02-11 23:21:09
【1月】濒危动物 第4话「我们该走哪条路呢？」【WebRip】,http://i2.hdslb.com/bfs/archive/40d124cf75c5dec7c97a23f655d8cb44899d13f9.jpg,458,0,2019-02-11 23:21:09
【1月】濒危动物 第3话「大象桑的印章」【WebRip】,http://i1.hdslb.com/bfs/archive/607bda7aa8080d444d66636315b4b8f5b0a38a3b.jpg,465,0,2019-02-11 23:21:09
【1月】濒危物种 第2话「与熊猫的相遇」【WebRip】,http://i2.hdslb.com/bfs/archive/599bc49dcb0a62c5e8468184c2edd8e46bae4401.jpg,1027,0,2019-02-11 23:21:09
[1月]新干线变形机器人 进化先锋 54[NEO·QSW],http://i2.hdslb.com/bfs/archive/da5b8a75190c6c2e41090cdb7f233ec788de040b.jpg,2474,6,2019-02-11 22:17:38
【TXB粵語】索斯机械兽 ZOIDS WILD 08【無字幕】,http://i1.hdslb.com/bfs/archive/5b726bd22bcfbb98de439ebc9336553bdaa769c8.jpg,1786,2,2019-02-11 17:51:54
【1月】多罗罗 06【独家正版】,http://i2.hdslb.com/bfs/archive/5f73754872bab9cad8ef7e1b4712a81b0d172d0b.jpg,1971593,63592,2019-02-11 18:50:55
【TVB粤语】哆啦A梦新番(2019.02.11)好的家、坏的家&圆形三角四方恐惧症【HDTVRip/1080p】,http://i1.hdslb.com/bfs/archive/77b7e0a591c66a9a1d6afe0d56a330fa29f49ab5.jpg,2059,7,2019-02-11 21:30:19
【TXB粵語】索斯机械兽 ZOIDS WILD 07【無字幕】,http://i1.hdslb.com/bfs/archive/c5656d20d815a9c898b9f60e11233d186ea22006.jpg,1021,1,2019-02-11 16:26:42
【4月】	智龙迷城 45,http://i1.hdslb.com/bfs/archive/2e963db9c70eb2be2d1bcf2c14850f331ad00938.jpg,2809,11,2019-02-11 18:25:00
【12月】宠物小精灵:无印篇 25【全新粤语配音】,http://i2.hdslb.com/bfs/archive/8b08a98f60ba48504e7bb72411106e6ec4376d62.jpg,1159,4,2019-02-11 17:51:48
【生肉】精靈寶可夢太陽與月亮SM-第108集-在卡璞・鰭鰭的迷霧中[720P],http://i1.hdslb.com/bfs/archive/6a7f2563827d1b1db6bbf198bfe3868eaaeb79ff.jpg,8034,57,2019-02-11 16:26:49
【生肉】星之島喵喵 第10集,http://i0.hdslb.com/bfs/archive/f53d55ac1d000f72082d2d64a4905e30182b790c.jpg,184,0,2019-02-11 15:15:43
【生肉】星之島喵喵 第9集,http://i0.hdslb.com/bfs/archive/4620c792075e08ebf18e129723a72534c1548357.jpg,206,1,2019-02-11 15:15:39
【1月】四月是你的谎言 06【粤语中字】,http://i0.hdslb.com/bfs/archive/43def8f44e2d78de23f1279ade1b10467294be83.jpg,2775,5,2019-02-10 21:58:25
【1月】迷你刀使 05【自制中字/1080P】,http://i2.hdslb.com/bfs/archive/6a442b2308aa15d0477961648f9b22d5d3540376.png,3651,50,2019-02-11 11:36:44
【1月】荒野的寿飞行队 05【CC字幕】,http://i1.hdslb.com/bfs/archive/8602ae1f9197ef29ddab5fcacba06ca0fa8c1335.jpg,10346,250,2019-02-11 11:34:18
【十二月/熟肉/720p】奇迹瓢虫与超级猫S03E03,http://i2.hdslb.com/bfs/archive/2b44ba5bbffc55ee2d6a928aa2a01f61f0032e5d.png,23216,893,2019-02-11 11:33:41
【1月】琴之森 第二季 03（#15）【独家正版】,http://i0.hdslb.com/bfs/archive/4e075c44c90f7fb7a7df3e2136f5892dc87f70b7.jpg,55067,712,2019-02-11 01:31:33
【1月】Mysteria Friends（巴哈姆特之怒）/ 玛娜莉亚魔法学院 04,http://i1.hdslb.com/bfs/archive/08d237ffe018ec5e4c3e45ccc9ec1972e1abf2a3.jpg,181715,4772,2019-02-09 19:42:24
【1月】笨拙之极的上野 06【独家正版】,http://i0.hdslb.com/bfs/archive/fb959e6b280bcbcc15390485763a58c3261066f7.jpg,692375,11766,2019-02-11 00:15:00
【12月番】爆丸戰斗之星(bakugan-battle-planet)-第八話[生肉],http://i2.hdslb.com/bfs/archive/6300ca95a803f899325caec5c84a6993e84a3d01.jpg,1087,0,2019-02-03 19:56:34
【1月】不愉快的怪物庵 续 06【英配生肉】,http://i2.hdslb.com/bfs/archive/d6a90277841d39f32165f5c76b06062664ca0a0e.png,3160,3,2019-02-10 10:17:25
【720P】平假名男子 ～序～【生肉】,http://i1.hdslb.com/bfs/archive/df19bb3d76cb760cfacda0886f2857b9540a1af9.jpg,2506,81,2019-02-10 20:11:07
【台配国语】见习神明 秘密的cocotama第66集,http://i2.hdslb.com/bfs/archive/becabdc3d2bf3ba1899b541c4e20414c605a3bf1.jpg,854,8,2019-02-10 20:08:09
【ViuTV粤语】三年E班 第二季 17,http://i2.hdslb.com/bfs/archive/4f70c6641fc801b6b0efb094e3bebe2556bf88a7.jpg,2198,4,2019-02-10 20:08:02
【4月】博人传 火影忍者新时代 93,http://i1.hdslb.com/bfs/archive/ea5006933498d0abe4a73fa9b5298cf61e9b08a9.jpg,342266,9312,2019-02-10 17:30:00
【CC熟肉】gen:LOCK 04,http://i2.hdslb.com/bfs/archive/ca3d9c8a2c124fde015b7664469ba02e2cefa626.jpg,6667,95,2019-02-10 16:35:44
【TVB粤语繁中】新干线战士  24集,http://i2.hdslb.com/bfs/archive/f833e11be4e4a10a1245005dfd05e23ca346b965.jpg,980,1,2019-02-10 12:52:33
【1月】迷你刀使 05【生肉】,http://i1.hdslb.com/bfs/archive/b4e52701c2dab90fea407066b6b840a9508efd86.png,1919,16,2019-02-10 12:52:28
【4月/日语生肉】电视衰人Nanana 17,http://i0.hdslb.com/bfs/archive/15134586f925b2f3c51b7e866c332e718c1e6764.jpg,226,0,2019-02-10 12:52:19
【1月】魔法少女特殊战明日香 05【生肉】,http://i1.hdslb.com/bfs/archive/27e0acae590461197f2eaac13f059f5d65bf05e2.jpg,8002,10,2019-02-09 20:52:29
【5月】游戏王VRAINS 088【VRAINSTORM】,http://i2.hdslb.com/bfs/archive/0dff7e502dcfa01c4910db25087b8a099bd5057d.png,60514,1629,2019-02-10 12:51:53
【1月】Double Decker! 道格&基里爾（僅限港澳台地區） EX01,http://i2.hdslb.com/bfs/archive/9727491febfb8fdbf6f18c0a392115f909a55c7a.jpg,3063,201,2019-02-10 11:00:00
【10月】	美妙☆频道 44,http://i0.hdslb.com/bfs/archive/61ee962a5c7fa71396a96d2ef6f5c0f746218411.jpg,5164,137,2019-02-09 20:15:20
【10月】	爱玩怪兽 18,http://i2.hdslb.com/bfs/archive/fdccac395dafd21b182828b6abd188a1d489da0d.jpg,7506,70,2019-02-09 19:41:08
【1月】W'Z 06【独家正版】,http://i1.hdslb.com/bfs/archive/60a54ebb9c87e7148d0bdc483e46b3ac2a79b9d6.jpg,108827,1097,2019-02-10 01:30:00
【10月】刀剑神域 Alicization 18,http://i0.hdslb.com/bfs/archive/69cac0100432cbe31723922fb14c72ecba120f7e.jpg,2085576,55236,2019-02-10 00:30:00
【1月】辉夜大小姐想让我告白~天才们的恋爱头脑战~ 05【独家正版】,http://i1.hdslb.com/bfs/archive/370b8fd2f6164dee3271af5853bd545ff31addd4.jpg,4021857,159397,2019-02-10 00:00:00
【1月】迷你刀使 04【生肉】,http://i0.hdslb.com/bfs/archive/b9a268930842e1022fe417eeec0e0b624f0abb76.png,1490,0,2019-02-09 22:02:54
【1月】不愉快的怪物庵 续 06,http://i2.hdslb.com/bfs/archive/373caec42563a47cf7d9000efb20ff11ccf2c6f9.jpg,231057,1956,2019-02-09 22:00:00
【1月】魔法少女特殊战明日香 03【英配生肉】,http://i2.hdslb.com/bfs/archive/af92be6ed6628fb991a70c6266f5aaecacd44e2d.png,2613,2,2019-02-09 10:04:49
【1月】迷你刀使 03【生肉】,http://i0.hdslb.com/bfs/archive/eff6e3a2a2fc8f711dd81fdc20b543558154257b.png,1354,3,2019-02-09 20:04:36
【1月】迷你刀使 02【生肉】,http://i1.hdslb.com/bfs/archive/887204782a9f8f86aa39266d06b7b025b9c54220.png,845,1,2019-02-09 19:50:57
【10月1080P】怪物猎人物语ride on 新篇 27 下集（全第75话）【咪路fans＆樱萌动漫】,http://i0.hdslb.com/bfs/archive/7e7f4f823ed65c4f6e5459a233382f764b287586.jpg,2417,2,2019-02-09 19:29:34
【10月/1080P】怪物猎人物语ride on 新篇 27上集（全第75话）【咪路fans＆樱萌动漫】,http://i1.hdslb.com/bfs/archive/12b1b5252d65e16f1ace6947a55dce6efac2ac0a.jpg,1597,1,2019-02-09 19:05:00
【10月/1080p】怪物猎人物语ride on 新篇 26 下集（全第74话）【咪路fans＆樱萌动漫】,http://i0.hdslb.com/bfs/archive/d708695be90323d041816e871d357dab094ca57e.jpg,2271,1,2019-02-09 19:04:40
【1月】迷你刀使 01【生肉】,http://i1.hdslb.com/bfs/archive/a673c7e523e3407fd3ef0ab8a047735cc1d89f7d.png,872,1,2019-02-09 19:04:35
【1月】迷你刀使 00【生肉】,http://i1.hdslb.com/bfs/archive/0fbd7d41e882b434015b6dde5b28aa56e2312455.png,442,1,2019-02-09 19:04:35
【1月】迷你刀使 04  【茉语星梦&风之圣殿字幕组】,http://i2.hdslb.com/bfs/archive/9a16445f9c6caaea59425cb8e4792ccefe877310.jpg,2556,13,2019-02-09 19:04:35
【1月】迷你刀使 03 【茉语星梦&风之圣殿字幕组】,http://i2.hdslb.com/bfs/archive/f2842b251a866993d393bcff8550f39a5d70a89b.jpg,1573,24,2019-02-09 19:04:35
【1月】迷你刀使 02 【茉语星梦&风之圣殿字幕组】,http://i0.hdslb.com/bfs/archive/c1916bf7331539890698027d757eabe8627777c2.jpg,1161,10,2019-02-09 19:04:35
【1月】迷你刀使 01 【茉语星梦&风之圣殿字幕组】,http://i1.hdslb.com/bfs/archive/0054a52a1e2d603b5618efbb5c964bb7eaa924ec.jpg,1594,13,2019-02-09 19:04:35
【10月】逆转裁判 第二季 16,http://i1.hdslb.com/bfs/archive/4146cf2f434604a39313db0b582e850121c071d9.jpg,69922,1332,2019-02-09 18:00:00
【1月】迷你刀使 00 【茉语星梦&风之圣殿字幕组】,http://i0.hdslb.com/bfs/archive/fb82f1f000d79d57ec7f5e9ae03a243cfd44a598.jpg,684,3,2019-02-09 16:33:41
【10月1080P】怪物猎人物语ride on 新篇 26 上集（全第74话）【咪路fans＆樱萌动漫】,http://i0.hdslb.com/bfs/archive/145e8d6d7d82ad2e9e8dc094d493ed24596f0f94.jpg,1361,3,2019-02-09 16:33:05
【10月】欢迎光临，千岁酱 18【生肉】,http://i2.hdslb.com/bfs/archive/9f6a7567436ae8dd459778626e2867cbe4452ba5.png,355,0,2019-02-09 16:32:43
【10月】欢迎光临 千岁酱 18【自制字幕】,http://i1.hdslb.com/bfs/archive/bbf7150d54bb5fb0440ec7248a4d0c6bebc61e3b.jpg,1463,4,2019-02-09 12:26:28
【1月】魔法少女特殊战明日香 05话【中字】,http://i1.hdslb.com/bfs/archive/4733c40c4ec7de0b43b31d103c3a85e651d68ab2.jpg,21735,455,2019-02-09 07:48:05
【TVB粤语繁中】新干线战士  23集,http://i0.hdslb.com/bfs/archive/5ec73d8ca4904548c106c4c33efc499a045a846b.jpg,542,2,2019-02-09 12:26:05
【4月】暖暖日记 第三季 45【独家正版】,http://i1.hdslb.com/bfs/archive/03bf7779b935b9b5ed447e0cd7aa4ecfac27c692.jpg,8424,60,2019-02-08 17:58:44
【10月】JOJO的奇妙冒险 黄金之风 18【独家正版】,http://i2.hdslb.com/bfs/archive/ae6fdbd830115077dc333ea30dffaf2bc89c4ed8.jpg,1629468,35976,2019-02-08 19:26:47
【1月】B-PROJECT～绝顶＊Emotion～ 05【独家正版】,http://i0.hdslb.com/bfs/archive/318fb2d80244d4c16df43780f6f563d1967b5492.jpg,27404,454,2019-02-09 00:30:00
【1月】荒野的寿飞行队 04【千夏字幕组】,http://i0.hdslb.com/bfs/archive/da59e63c469d92e2d6f163b37d2670e5a4eac65f.png,18389,629,2019-02-08 23:13:20
【生肉】 哆啦A梦新番 550 (2019.02.08),http://i0.hdslb.com/bfs/archive/70dc007b6dcf78222f8aee502bd52a672ffcadc1.jpg,4176,151,2019-02-08 23:13:02
【10月】火之丸相扑 17,http://i2.hdslb.com/bfs/archive/839fb28a8205631f9fec3bfeb8556bc92ac1d699.jpg,114078,761,2019-02-08 23:00:00
【1月】笑容的代价 06【独家正版】,http://i2.hdslb.com/bfs/archive/164bfd826f90322834f914d3b3593183f60e233d.jpg,95422,2173,2019-02-08 19:08:44
【10月】魔法禁书目录 第三季 18,http://i1.hdslb.com/bfs/archive/568092be175a7c0bc71e0a5e6cc094dc3f63e6b6.jpg,953702,25155,2019-02-08 20:05:28
【1月】约会大作战 第三季 05,http://i2.hdslb.com/bfs/archive/788df21bbd00fe15c099602b054e91599259d7cc.jpg,1906119,84379,2019-02-08 22:00:00
